{"cameraMode":{"drawMode":0,"name":"Shaded","section":"Shading Mode"},"sceneLighting":false,"audioPlay":false,"sceneViewState":{"m_AlwaysRefresh":false,"showFog":true,"showSkybox":false,"showFlares":true,"showImageEffects":true,"showParticleSystems":true,"showVisualEffectGraphs":true,"m_FxEnabled":true},"in2DMode":false,"pivot":{"x":-28.491849899291993,"y":12.134845733642579,"z":11.469305992126465},"rotation":{"x":0.26320621371269228,"y":-0.40582039952278139,"z":0.12326952815055847,"w":0.866509199142456},"size":1.513925552368164,"orthographic":false}