{"cameraMode":{"drawMode":0,"name":"Shaded","section":"Shading Mode"},"sceneLighting":false,"audioPlay":false,"sceneViewState":{"m_AlwaysRefresh":false,"showFog":true,"showSkybox":false,"showFlares":true,"showImageEffects":true,"showParticleSystems":true,"showVisualEffectGraphs":true,"m_FxEnabled":true},"in2DMode":false,"pivot":{"x":8.008094787597657,"y":1.4741709232330323,"z":9.788814544677735},"rotation":{"x":0.07120899111032486,"y":0.059810884296894076,"z":-0.004278711508959532,"w":0.9956590533256531},"size":17.728891372680665,"orthographic":false}